{
  "bias": [
    0.017541822222750802,
    0.009078724088182761,
    0.062226983123599304
  ],
  "transform_matrix": [
    [
      0.6269020196076686,
      0.758130781737091,
      0.16609101387230515
    ],
    [
      0.7820261682814917,
      -0.6249118275229866,
      -0.010910500334472871
    ],
    [
      -0.09832127982191154,
      -0.13652877401698424,
      0.9722259050916885
    ]
  ],
  "statistics": {
    "raw_magnitude_mean": 1.009203205302846,
    "raw_magnitude_std": 0.039476554865017915,
    "calibrated_magnitude_mean": 0.9995846186470326,
    "calibrated_magnitude_std": 0.008984043767460615
  },
  "ellipsoid_params": {
    "center": [
      0.017541822222750802,
      0.009078724088182761,
      0.062226983123599304
    ],
    "radii": [
      0.9929560588029436,
      1.0081397246832102,
      1.0138169385735734
    ],
    "rotation_matrix": [
      [
        0.6224861586452363,
        0.764301757574298,
        0.16838588320860132
      ],
      [
        0.7765176219375576,
        -0.6299984377503055,
        -0.011061250047401234
      ],
      [
        -0.09762871050842666,
        -0.13764008064881872,
        0.9856590907019771
      ]
    ]
  }
}