{
  "bias": [
    0.013492477140445209,
    0.006800008250348828,
    0.07377278772114744
  ],
  "transform_matrix": [
    [
      0.7018083476608906,
      -0.7164783613613936,
      0.03791769921433073
    ],
    [
      -0.7694856906701947,
      -0.6395704165996879,
      -0.15313442088705295
    ],
    [
      -0.1477105611991901,
      -0.07237269350003452,
      0.9778969241040176
    ]
  ],
  "statistics": {
    "raw_magnitude_mean": 1.0040542625094246,
    "raw_magnitude_std": 0.05449236841566763,
    "calibrated_magnitude_mean": 0.9977151760571009,
    "calibrated_magnitude_std": 0.033124579579291415
  },
  "ellipsoid_params": {
    "center": [
      0.013492477140445209,
      0.006800008250348828,
      0.07377278772114744
    ],
    "radii": [
      0.9506744626274024,
      1.0382758569428214,
      1.0095499319553776
    ],
    "rotation_matrix": [
      [
        0.6671912737799424,
        -0.7439021846234894,
        0.03827981066173206
      ],
      [
        -0.7315303954773629,
        -0.6640505223703183,
        -0.15459684418655045
      ],
      [
        -0.1404246583924321,
        -0.0751428203630085,
        0.987235773188584
      ]
    ]
  }
}